{"cameraMode":{"drawMode":0,"name":"Shaded","section":"Shading Mode"},"sceneLighting":true,"audioPlay":false,"sceneViewState":{"m_AlwaysRefresh":false,"showFog":true,"showSkybox":false,"showFlares":true,"showImageEffects":true,"showParticleSystems":true,"showVisualEffectGraphs":true,"m_FxEnabled":true},"in2DMode":false,"pivot":{"x":28.945106506347658,"y":-10.55831527709961,"z":27.813217163085939},"rotation":{"x":0.012327929027378559,"y":-0.9464107155799866,"z":0.3219301104545593,"w":0.03452911227941513},"size":18.78850746154785,"orthographic":false}