{"cameraMode":{"drawMode":0,"name":"Shaded","section":"Shading Mode"},"sceneLighting":true,"audioPlay":false,"sceneViewState":{"m_AlwaysRefresh":false,"showFog":true,"showSkybox":false,"showFlares":true,"showImageEffects":true,"showParticleSystems":true,"showVisualEffectGraphs":true,"m_FxEnabled":true},"in2DMode":false,"pivot":{"x":28.177398681640626,"y":-4.994359016418457,"z":29.74344825744629},"rotation":{"x":-0.27266132831573489,"y":-0.12640582025051118,"z":0.03529282659292221,"w":-0.9535559415817261},"size":19.914283752441408,"orthographic":false}