{"cameraMode":{"drawMode":0,"name":"Shaded","section":"Shading Mode"},"sceneLighting":true,"audioPlay":false,"sceneViewState":{"m_AlwaysRefresh":false,"showFog":true,"showSkybox":false,"showFlares":true,"showImageEffects":true,"showParticleSystems":true,"showVisualEffectGraphs":true,"m_FxEnabled":true},"in2DMode":false,"pivot":{"x":15.167354583740235,"y":-4.3038787841796879,"z":31.104663848876954},"rotation":{"x":0.2746071517467499,"y":-0.3517146408557892,"z":0.11015331745147705,"w":0.8883443474769592},"size":26.061830520629884,"orthographic":false}