{"cameraMode":{"drawMode":0,"name":"Shaded","section":"Shading Mode"},"sceneLighting":true,"audioPlay":false,"sceneViewState":{"m_AlwaysRefresh":false,"showFog":true,"showSkybox":false,"showFlares":true,"showImageEffects":true,"showParticleSystems":true,"showVisualEffectGraphs":true,"m_FxEnabled":true},"in2DMode":false,"pivot":{"x":29.66707992553711,"y":-1.092883586883545,"z":20.459026336669923},"rotation":{"x":0.012327929027378559,"y":-0.9464107155799866,"z":0.3219301104545593,"w":0.03452911227941513},"size":12.716774940490723,"orthographic":false}