{"cameraMode":{"drawMode":0,"name":"Shaded","section":"Shading Mode"},"sceneLighting":true,"audioPlay":false,"sceneViewState":{"m_AlwaysRefresh":false,"showFog":true,"showSkybox":false,"showFlares":true,"showImageEffects":true,"showParticleSystems":true,"showVisualEffectGraphs":true,"m_FxEnabled":true},"in2DMode":false,"pivot":{"x":35.820701599121097,"y":4.091342926025391,"z":16.296567916870118},"rotation":{"x":-0.22864536941051484,"y":0.6705129742622376,"z":-0.23101899027824403,"w":-0.6675431132316589},"size":12.981987953186036,"orthographic":false}