{"cameraMode":{"drawMode":0,"name":"Shaded","section":"Shading Mode"},"sceneLighting":true,"audioPlay":false,"sceneViewState":{"m_AlwaysRefresh":false,"showFog":true,"showSkybox":false,"showFlares":true,"showImageEffects":true,"showParticleSystems":true,"showVisualEffectGraphs":true,"m_FxEnabled":true},"in2DMode":false,"pivot":{"x":23.924596786499025,"y":2.4470674991607668,"z":21.15471076965332},"rotation":{"x":-0.23737581074237824,"y":0.7614091634750366,"z":-0.39094385504722597,"w":-0.45998355746269228},"size":6.685935020446777,"orthographic":false}