{"cameraMode":{"drawMode":0,"name":"Shaded","section":"Shading Mode"},"sceneLighting":true,"audioPlay":false,"sceneViewState":{"m_AlwaysRefresh":false,"showFog":true,"showSkybox":true,"showFlares":true,"showImageEffects":true,"showParticleSystems":true,"showVisualEffectGraphs":true,"m_FxEnabled":true},"in2DMode":false,"pivot":{"x":6.7367658615112309,"y":-0.37979602813720705,"z":35.45382308959961},"rotation":{"x":-0.05245985463261604,"y":-0.8517447113990784,"z":0.5140396952629089,"w":-0.08692562580108643},"size":15.789063453674317,"orthographic":false}