{"cameraMode":{"drawMode":0,"name":"Shaded","section":"Shading Mode"},"sceneLighting":false,"audioPlay":false,"sceneViewState":{"m_AlwaysRefresh":false,"showFog":true,"showSkybox":false,"showFlares":true,"showImageEffects":true,"showParticleSystems":true,"showVisualEffectGraphs":true,"m_FxEnabled":true},"in2DMode":false,"pivot":{"x":-0.005719900131225586,"y":0.27618366479873659,"z":0.026862680912017823},"rotation":{"x":0.11737162619829178,"y":0.8071295022964478,"z":-0.16913436353206635,"w":0.5536768436431885},"size":1.2358328104019166,"orthographic":false}