{"cameraMode":{"drawMode":0,"name":"Shaded","section":"Shading Mode"},"sceneLighting":false,"audioPlay":false,"sceneViewState":{"m_AlwaysRefresh":false,"showFog":true,"showSkybox":false,"showFlares":true,"showImageEffects":true,"showParticleSystems":true,"showVisualEffectGraphs":true,"m_FxEnabled":true},"in2DMode":false,"pivot":{"x":-0.4923752546310425,"y":0.17761695384979249,"z":-0.8842878341674805},"rotation":{"x":0.014932055026292801,"y":0.9684523344039917,"z":-0.24341844022274018,"w":0.05498431250452995},"size":1.3980576992034913,"orthographic":false}