{"cameraMode":{"drawMode":0,"name":"Shaded","section":"Shading Mode"},"sceneLighting":true,"audioPlay":false,"sceneViewState":{"m_AlwaysRefresh":false,"showFog":true,"showSkybox":true,"showFlares":true,"showImageEffects":true,"showParticleSystems":true,"showVisualEffectGraphs":true,"m_FxEnabled":true},"in2DMode":false,"pivot":{"x":19.540233612060548,"y":-5.993053913116455,"z":25.05720329284668},"rotation":{"x":0.028243646025657655,"y":0.9596254825592041,"z":-0.1043439656496048,"w":0.2597038745880127},"size":1.9192383289337159,"orthographic":false}