{"cameraMode":{"drawMode":0,"name":"Shaded","section":"Shading Mode"},"sceneLighting":false,"audioPlay":false,"sceneViewState":{"m_AlwaysRefresh":false,"showFog":true,"showSkybox":false,"showFlares":true,"showImageEffects":true,"showParticleSystems":true,"showVisualEffectGraphs":true,"m_FxEnabled":true},"in2DMode":false,"pivot":{"x":-0.0003204345703125,"y":3.0135321617126467,"z":0.0022144317626953127},"rotation":{"x":0.14634688198566438,"y":0.07685086131095886,"z":-0.0113086998462677,"w":0.9862256050109863},"size":5.458866119384766,"orthographic":false}